edades_train,pred_train
24.24,23.388607
46.0,55.193314
32.577686516084874,40.66443
30.0,27.496445
29.0,31.877487
45.7741273100616,39.974815
59.0,57.62036
19.0,24.481014
56.87337440109514,53.290947
14.0,18.24883
20.0,18.964369
57.50581793292265,49.227955
29.57426420260096,31.588469
20.98,17.311535
36.0,34.87011
15.0,15.450119
20.0,16.110197
72.96,72.49983
40.0,41.600502
21.8,20.220638
52.0,63.75783
10.74,13.686669
26.0,20.501469
22.0,17.919037
20.0,23.517773
29.0,30.830437
51.75359342915811,46.671745
54.0,51.33068
22.0,21.170185
56.0,54.85659
26.0,24.258638
24.0,25.554943
37.0,29.73566
72.59411362080766,74.7637
35.51540041067762,35.71014
71.54,68.16477
58.76796714579056,52.64232
36.55304585900068,31.136755
22.0,16.428125
34.0,44.053253
63.0,57.719383
65.40999315537303,69.91124
21.0,22.284496
69.06776180698152,74.666565
23.0,20.697771
22.93,20.43436
46.00684462696783,61.43213
28.56125941136208,33.202454
24.0,32.637573
25.0,25.262691
56.0,47.79132
28.0,20.900627
43.0,44.02144
18.9,22.857582
33.0,26.73651
6.47,12.278786
70.0,64.939674
24.0,17.846626
87.0,81.27571
76.0,73.82977
44.0,39.713257
35.40588637919233,37.571236
23.0,15.524225
38.0,36.502617
14.0,21.370274
46.0,42.697605
48.86,42.348106
20.0,17.220947
87.0,76.998955
21.0,27.441803
54.0,53.902542
11.0,10.150406
45.0,41.366234
62.0,63.13983
61.0,63.08379
20.0,20.871174
19.0,19.889198
21.0,17.130383
27.02,21.536034
23.0,25.418364
43.0,37.934746
63.0,70.018
17.0,18.288418
57.0,57.64982
28.0,31.021122
54.0,51.281387
11.92,13.714872
69.0,70.52835
70.0,67.46411
31.0,27.892027
23.0,26.124557
48.0,47.710464
70.0,69.22066
20.0,24.542187
13.5,16.19627
62.0,58.90084
21.0,21.546705
80.0,79.19184
53.4072553045859,59.73452
83.73,81.73371
73.0,79.32764
45.16,41.42007
24.0,29.331928
13.0,10.514877
52.0,52.906265
76.39,69.638054
57.0,54.614365
81.0,78.2169
27.0,17.23505
44.851471594798085,55.20627
61.0,48.469643
27.0,18.338522
20.0,21.746084
26.0,21.178284
21.0,15.731915
70.31,58.260082
18.5,20.68084
19.0,20.131287
38.0,45.66954
29.0,30.551048
68.15058179329226,65.312195
23.0,23.55574
42.0,37.02031
51.0,51.10914
36.0,32.005684
65.0,61.763466
18.0,28.944454
73.0,74.50212
72.0,76.729324
23.0,20.597649
73.0,75.79468
18.9,25.891466
56.0,55.823227
20.0,23.235428
43.0,46.48864
50.0,51.128113
34.0,28.642542
49.0,41.34772
62.0,61.38459
44.0,41.687714
30.6,30.602005
21.0,19.240097
26.87748117727584,28.179276
66.0,53.831604
74.0,72.82425
27.0,29.744034
27.0,29.463947
29.0,30.203354
50.0,53.003548
20.0,22.382479
19.5,15.042055
67.0,69.496925
71.0,72.97894
50.0,55.364147
17.2,23.80274
46.0,30.109737
37.0,49.209938
19.0,10.694734
62.0,56.223503
24.56947296372348,28.165125
63.0,64.095085
21.0,29.577187
22.0,19.30313
45.0,40.564186
55.56,58.26408
14.06,12.955542
41.0,30.762798
44.0,46.979797
62.0,65.58612
71.0,74.253296
74.0,70.25874
23.0,24.187689
21.0,18.756775
18.0,23.748463
47.61,38.570816
20.0,19.284935
22.0,28.785229
35.33,36.497
19.0,14.097709
28.347707049965777,25.719955
22.44,22.947182
77.0,75.68435
23.0,25.645016
40.05,30.423107
27.0,26.347345
24.0,20.284893
23.0,22.191132
20.908966461327857,27.234245
83.22,80.87248
28.0,19.195957
45.256673511293634,41.143784
21.0,27.401104
54.0,56.243076
18.0,20.714474
30.0,24.229012
26.64,18.789589
58.0,60.560837
74.0,76.78311
74.0,68.575134
70.6,66.531525
13.58,13.109826
31.98,23.433819
22.0,30.456177
19.0,14.748564
18.0,16.912481
54.0,38.340973
21.0,29.523106
77.0,68.056564
56.0,56.303204
36.0,21.349354
64.0,61.632935
65.0,59.7957
54.0,44.731815
25.52,21.472727
30.95,27.436638
23.0,21.28366
59.88227241615332,62.122757
48.4,41.99328
16.0,16.016708
17.3,23.384457
20.0,22.27773
19.9,20.143099
63.044490075290895,58.159985
21.8,26.785168
73.0,72.42403
30.74,30.325722
67.33196440793976,71.68373
27.0,25.234356
21.0,21.396114
22.82,17.916647
62.0,55.953285
29.0,24.409199
20.0,16.24023
20.0,24.114456
51.0,45.66401
45.0,38.766563
20.0,18.630306
26.39835728952772,32.097366
21.0,20.375137
70.0,71.623825
13.0,15.468809
35.455167693360714,34.874382
26.05,19.960022
20.0,16.793541
22.0,25.920021
77.79,75.03195
16.0,21.04676
83.0,79.38625
58.37645448323067,58.659157
28.0,29.933205
21.0,14.769848
66.0,64.077805
32.936344969199176,36.64879
75.0,75.55591
34.0,39.681343
29.0,20.119808
60.0,52.181885
67.76728268309377,55.216278
20.92,21.785992
10.5,15.450039
68.0,74.55932
26.0,33.893955
38.58726899383984,43.03519
70.0,72.30672
24.29,21.661783
61.0,48.421585
75.82751540041068,76.99405
21.0,19.530937
52.498288843258045,55.966957
78.0,80.16193
61.0,63.473213
74.0,72.63933
23.56,33.527855
59.0,62.92673
46.0,51.72368
26.0,29.752537
25.34,26.764263
14.38,18.315271
24.0,24.352036
19.0,20.238874
19.0,25.054996
21.0,22.005564
60.0,53.654236
41.0,34.157043
35.0,27.932846
65.23,51.544662
24.0,26.850342
66.0,64.34857
23.62,16.908216
23.03901437371664,26.36234
53.30595482546201,47.029476
34.0,37.852455
40.0,51.28901
62.0,60.992172
60.0,59.24195
40.09,43.666702
85.0,78.78854
68.0,71.78265
34.9,33.611908
56.0,61.851562
28.96,21.706516
20.0,24.753082
17.0,19.953295
21.0,21.854546
51.29089664613279,54.286503
30.0,27.533838
45.0,32.66894
25.0,24.800747
29.0,27.032501
25.93839835728953,17.413944
61.0,62.8798
37.0,31.456448
74.0,71.07155
20.0,22.24558
23.0,31.02089
14.0,12.899781
9.0,12.351181
30.0,26.775822
21.0,17.683018
34.012320328542096,24.177948
60.0,62.24037
26.0,22.352543
22.0,19.269676
15.9,16.93236
58.56810403832991,54.304092
70.0,76.91916
26.0,26.883434
23.02,25.711475
26.98425735797399,23.983135
20.0,21.864624
34.0,31.052647
80.0,77.781105
76.0,67.83283
20.0,16.693882
48.0,36.747868
56.0,51.663227
52.0,46.201675
63.24709103353867,59.377434
58.0,65.29713
23.0,27.420832
89.11,82.005974
22.0,19.942413
25.0,28.010628
23.0,27.504326
23.0,17.38327
70.33264887063655,75.51718
28.0,20.231888
30.0,27.006653
69.0,70.14635
19.0,15.135275
21.0,26.304379
32.0,18.27702
48.0,36.05634
30.0,25.991959
19.0,19.718578
86.41,71.39812
25.0,21.418518
12.2,21.097202
21.0,14.854816
52.0,51.49536
21.0,20.488031
27.0,18.513226
22.0,28.168144
71.0,75.078804
80.65,77.881
60.101300479123886,58.16944
77.0,69.34086
25.0,31.98164
48.67898699520876,43.323856
26.0,29.253448
20.0,15.708571
78.0,70.47917
25.84,22.26825
48.0,40.1286
52.0,50.030502
22.0,38.946915
22.2,18.609371
49.13,52.906517
17.0,18.17956
20.0,17.103182
59.0,56.014038
9.0,11.322323
12.0,15.919942
17.0,19.273617
83.81108829568788,80.27921
54.0,63.5411
83.0,81.94916
51.0,37.514694
23.14,28.99554
42.0,49.344368
73.0,76.6012
19.0,18.245445
24.876112251882272,20.757982
9.54,13.175645
51.39,54.53111
26.0,34.112583
19.0,27.10987
83.0,76.73758
71.0,57.826775
11.7,12.253987
20.0,20.066204
63.73,63.84826
14.6,17.213959
69.0,74.939064
23.0,16.401947
22.0,28.258255
42.0,45.784473
36.46817248459959,32.494503
87.0,73.01907
23.0,15.520075
14.0,15.846331
23.0,16.591862
32.0,27.650482
41.0,36.539543
15.0,22.840492
21.02,17.518515
28.0,27.928446
24.45,17.178452
13.1,13.6432495
19.0,14.442925
20.0,14.815648
23.0,18.017334
28.0,21.783886
29.0,30.229511
41.17,43.755753
33.28,28.988342
20.0,17.185143
67.0,63.54319
73.0,71.4747
61.0,55.51026
90.0,75.91963
34.0,23.876663
68.48459958932239,64.2861
21.0,21.809975
65.09514031485284,67.394485
23.08,24.414753
21.0,22.930283
24.0,20.583841
30.0,32.99952
28.0,34.75634
20.4,20.009853
57.48,53.347633
57.23,52.707123
70.71047227926078,64.60974
21.0,18.663319
69.0,70.76492
31.134839151266256,30.145397
52.0,57.245132
13.9,17.566301
61.78507871321013,73.539795
44.0,46.525482
13.0,23.843803
25.0,20.255646
69.0,70.00211
20.0,22.579258
62.0,63.357113
33.0,39.8274
43.0,44.620293
70.0,77.04848
24.37,25.143078
44.0,33.019585
24.71,29.428314
33.0,32.553764
51.0,45.626503
24.0,24.494465
55.0,58.72909
25.0,23.808243
29.0,35.44759
51.0,52.07127
22.0,36.759968
51.0,44.1159
82.0,76.5109
22.0,32.121464
64.66255989048597,51.964684
22.0,26.724768
22.0,20.494884
75.0,75.082306
27.0,22.438585
40.0,53.96704
29.0,21.107876
20.0,19.435223
26.0,26.692322
37.0,36.039055
66.0,61.75061
19.0,17.570156
12.5,17.000092
60.0,52.05368
20.0,17.024712
16.0,14.495556
24.0,30.475842
70.0,70.255165
44.0,47.95971
69.28952772073922,70.56964
25.0,23.141594
75.0,78.244675
20.36,21.619778
59.0,49.694534
10.52,11.086828
20.0,22.26841
82.0,78.475494
24.0,27.453604
16.73,20.603756
45.83,43.80285
19.0,19.11793
44.0,42.843407
29.26,24.295546
54.0,59.49984
56.0,52.68195
30.44,23.182953
34.0,28.203777
23.0,21.32719
23.0,22.691706
67.0,59.329285
30.417522245037645,31.185701
55.0,50.09205
24.0,24.59454
23.0,21.693193
90.0,84.58168
21.0,23.519009
32.0,29.722406
20.0,21.394981
20.0,23.951006
43.0,30.535397
63.0,63.976715
29.27857631759069,27.51722
59.0,56.24942
25.0,25.8201
75.0,70.69842
30.0,24.89063
11.0,15.098763
82.0,68.220566
21.0,23.016273
50.0,40.478
33.28,24.197142
79.65,80.88279
82.0,84.92244
22.0,26.06771
54.42573579739904,55.620667
72.59,67.66652
78.0,69.11098
12.0,13.780513
35.0,34.268433
63.0,63.33004
10.9,13.644918
20.16700889801506,23.540882
20.0,20.013908
45.0,41.8713
21.0,30.180243
42.6,38.966774
13.0,17.05616
21.0,16.627384
60.0,64.79121
59.71,56.43193
72.0,72.32088
33.00479123887748,28.445662
58.71594798083505,52.442703
36.06023271731691,45.757706
49.0,47.695663
24.0,24.77898
33.138945927446954,29.578686
27.835728952772072,21.106197
10.9,15.394728
48.0,49.13014
24.0,24.997318
35.80013689253936,28.943132
59.4715947980835,63.93997
49.92,43.830894
41.0,37.151833
21.3,26.857033
80.0,76.87115
27.0,17.404135
18.0,24.94572
23.0,21.64702
55.0,49.368732
22.0,23.70997
61.0,48.86518
7.68,14.025986
26.0,29.974216
36.21629021218344,34.249413
20.0,21.61301
19.03,23.358147
20.0,17.072456
45.8,39.02739
29.738535249828885,29.209133
60.0,51.948208
51.657768651608485,56.408134
45.0,38.25141
43.0,42.49594
23.0,16.34639
65.0,73.82915
45.0,43.19441
33.0,36.165306
57.0,51.297226
30.0,22.40994
53.74,52.712547
21.7,27.091824
24.3750855578371,22.512323
57.0,41.54898
24.0,27.22101
27.44,21.641586
21.0,20.00544
21.0,22.938112
45.0,36.516647
29.58,24.145176
62.09445585215606,56.73785
23.0,20.912243
12.3,13.576089
55.540041067761805,56.777355
38.0,36.266815
38.93771389459275,38.174225
31.0,34.745182
70.0,72.04828
10.82,11.932259
65.25941136208077,65.33528
67.74,66.448715
74.0,76.62065
16.0,23.62787
47.0,51.996475
23.0,23.302284
32.0,35.842426
21.0,23.032522
59.12936344969199,58.29999
19.980835044490075,26.965687
18.0,13.9071045
26.36,26.070799
63.66324435318276,63.42147
22.0,18.751184
62.0,73.14778
21.0,22.04282
59.893223819301845,63.032383
27.0,28.75918
41.51129363449692,33.78691
62.0,67.10564
19.3,18.81199
83.0,75.617935
29.0,24.590927
25.0,30.808495
12.59,13.456667
21.0,22.032604
72.0,66.18091
37.0,43.559696
11.0,20.327408
23.0,23.08533
80.0,80.66774
38.0,22.641329
52.0,41.05988
25.0,21.864067
20.0,21.953997
38.0,34.18847
50.89,46.553143
25.42,25.269573
52.89,49.3947
43.0,33.684753
23.0,26.151247
88.0,77.74547
25.0,19.949146
50.0,38.238964
65.0,64.08255
24.0,20.22823
20.0,19.215395
73.18275154004107,67.37251
82.0,83.1691
18.0,20.377869
12.9,17.216612
22.0,29.484747
49.0,49.438232
73.0,78.45658
62.0,67.346664
17.43,18.49903
57.0,51.95021
26.58,31.084808
23.0,21.71313
24.0,25.71455
30.76,27.136831
60.0,54.415985
57.0,56.06981
23.0,19.412083
69.0,58.609585
23.0,28.975552
22.41478439425052,23.596664
89.0,74.76397
86.25,81.645424
25.0,25.154451
20.0,22.004637
42.0,44.176983
23.0,28.86177
9.0,10.690867
20.43,23.13564
23.0,21.10323
21.0,17.387873
18.0,26.724377
25.0,21.91571
74.0,74.05696
11.2,11.306714
66.27515400410678,59.61616
20.0,19.91485
22.0,26.289762
18.42,22.664673
25.0,24.602583
19.0,21.020248
7.63,13.312546
20.0,15.020622
29.0,27.03276
71.09,75.09625
63.0,65.93875
32.0,24.315163
70.0,66.444
29.0,32.11291
23.0,23.789425
66.0,62.29216
19.0,22.018948
37.05,37.10765
33.59342915811088,30.347324
75.0,74.99303
21.0,24.31425
31.0,37.768444
32.0,36.03109
61.0,66.266815
45.0,43.70382
65.90828199863107,36.579094
52.0,53.05155
32.42436687200548,27.518425
27.0,28.415232
77.0,72.501144
57.0,56.29889
23.0,16.943623
71.0,80.44721
23.0,15.014416
28.0,27.165148
61.58795345653662,70.51756
40.0,36.751938
61.0,47.30414
20.0,15.58823
39.25,37.439667
72.0,73.269684
20.8,15.228544
42.0,59.179283
62.0,66.186646
20.16,20.659935
58.0,57.533432
25.661875427789184,15.886791
61.69,51.577515
60.0,61.416924
25.0,23.237402
23.0,19.040445
8.52,12.066868
75.0,60.938446
22.0,23.56064
18.0,19.62742
19.0,17.840656
29.0,29.355644
44.54,41.87917
64.0,63.443485
26.0,26.831833
25.05,29.416576
10.2,13.496819
85.0,80.67912
36.67077344284736,30.897266
67.0,65.48407
62.2,62.816856
30.31,30.760315
82.57,72.616714
22.17,18.45394
55.0,52.52233
64.0,67.934555
8.45,14.119303
59.0,59.569565
27.0,22.002089
20.0,21.31507
44.0,43.320004
57.21013004791239,58.916355
22.0,20.406136
60.0,44.965744
55.0,48.500153
41.0,41.28695
22.0,19.153954
74.63655030800821,72.59791
68.0,77.526535
59.0,64.304886
22.0,24.906384
65.0,59.487904
47.723477070499655,54.521187
60.0,58.168045
30.5,24.712849
19.0,15.374746
37.0,25.008793
80.0,74.126205
11.98,16.68177
38.0,27.204914
59.0,57.96016
40.0,33.16169
66.94866529774127,64.69781
62.0,58.585037
21.63,28.885323
68.0,69.825325
8.16,15.570049
23.0,19.343937
20.0,23.557867
54.0,67.025764
19.0,21.061817
24.0,29.067822
12.0,13.399942
35.0,30.218067
79.0,72.96544
21.0,19.9292
23.0,22.95606
80.0,84.25795
11.0,30.39898
23.0,19.732958
20.0,22.447784
20.0,21.897938
22.0,20.171124
20.0,20.624146
26.0,18.484814
53.0,52.65355
62.67,65.05438
26.0,25.252205
74.11,75.47701
63.419575633128,62.468987
20.0,25.29457
69.0,68.43349
27.6,17.902927
63.0,57.769062
46.0,34.905457
21.0,25.126965
49.0,48.651436
59.78370978781656,59.519257
71.0,77.64517
64.0,58.956448
21.0,14.7640085
53.56605065023956,51.789185
38.0,27.59024
23.0,24.46749
52.0,47.26519
27.0,26.415989
64.0,70.259445
27.0,23.04844
25.01,21.621052
25.0,28.499165
81.0,65.86255
34.81,34.96521
47.0,49.664154
40.0,41.144474
39.46611909650924,40.03965
16.0,25.57088
61.0,65.52055
33.0,29.01788
26.0,23.89862
21.0,18.57421
19.0,20.59198
19.0,20.418736
25.530458590006845,25.377193
20.0,21.469604
22.0,25.686382
79.0,77.13567
67.0,71.21007
56.0,58.824753
23.0,18.32292
24.0,24.157215
78.0,73.94503
18.0,18.808662
23.0,20.006527
71.0,74.63779
33.0,25.893444
38.0,27.85934
72.59411362080766,70.45355
43.0,42.439415
21.4,25.845375
61.01574264202601,65.82829
72.0,65.92165
54.0,48.77832
21.0,16.28937
41.12251882272416,42.02527
40.0,31.960487
55.0,47.83125
62.455852156057496,55.177296
20.0,30.766773
20.0,18.498337
37.6974674880219,39.42193
59.73,60.994556
61.0,49.506004
60.86789869952088,65.93649
29.34,19.45496
74.0,76.826385
78.0,76.83049
50.0,43.759323
70.0,79.07881
33.831622176591374,26.11446
56.0,57.95411
52.0,42.758595
65.0,62.37625
64.0,64.560745
63.676933607118414,58.90019
49.0,58.261124
23.0,19.363922
75.0,58.87721
26.0,27.000324
25.0,21.71758
44.0,37.83398
80.82,78.46777
80.0,72.41162
18.0,17.22142
46.0,50.369114
24.0,31.962507
30.699520876112253,26.122887
24.0,32.742813
33.0,25.5543
70.66,74.023315
25.0,27.688847
33.85,25.37223
22.570841889117045,21.229088
20.0,18.881214
19.0,18.205881
35.0,33.095886
74.83,80.88741
26.31,26.362595
19.0,16.1983
21.0,20.180882
71.0,72.211075
84.0,83.3042
58.04243668720055,67.20262
73.60438056125942,73.025314
29.256673511293634,25.121136
55.37,64.87552
63.0,64.339676
18.55,18.05051
10.0,11.750645
44.0,51.931297
62.0,61.06592
88.32,82.217674
72.0,69.98291
21.0,22.042744
23.0,24.553078
81.0,77.755035
21.0,26.67072
22.7,19.764738
32.0,21.825832
61.0,40.53723
34.365503080082135,28.19608
22.0,24.53989
15.6,16.385986
51.0,44.239548
84.0,81.46766
38.0,30.692276
53.0,38.247932
19.0,18.944733
18.1,21.965755
19.0,14.348849
21.7,16.244705
21.6,17.672031
22.84,28.55104
21.0,25.184639
54.05,49.64566
43.460643394934976,57.218338
80.0,78.36405
69.0,70.9734
31.854893908282,37.547707
71.0,59.94163
20.0,21.88125
57.0,56.99424
24.0,28.27544
41.0,39.10621
12.99,14.2682295
37.0,41.633484
35.0,24.522678
79.0,70.97569
21.0,18.103859
72.32580424366871,77.43341
23.0,30.91053
62.0,50.98594
21.0,19.045624
48.0,40.682045
63.0,59.516396
84.0,79.69159
20.0,21.749012
53.0,55.785473
45.8590006844627,47.312187
31.0,35.363873
69.0,74.69345
52.52,50.75582
23.71526351813826,24.195206
59.73,58.085487
45.0,40.61292
64.64613278576317,69.9443
22.0,15.590854
40.97,43.44313
52.0,46.4095
79.0,75.46008
23.71,20.8087
62.0,61.32263
21.0,17.637333
73.0,76.109024
71.2,66.41719
32.17,35.95343
19.0,16.460709
32.82,31.208656
53.53593429158111,34.62446
59.96,62.385696
57.0,54.893864
20.0,20.20684
32.89,31.968168
38.0,33.510536
20.0,17.440147
52.0,60.47252
28.0,22.132614
22.0,26.688683
28.0,30.519794
42.0,29.041828
25.0,25.106606
27.0,25.081638
57.86447638603696,54.69333
89.0,77.02414
21.0,15.692797
39.95,34.28531
47.0,50.177628
14.9,17.838215
88.07,81.56395
24.0,26.07368
16.7,21.19301
20.2,23.82352
20.0,19.119177
22.0,29.13361
52.0,57.84497
23.0,21.758982
82.0,80.44118
21.0,18.747604
19.0,21.507044
48.0,44.067764
48.0,42.881313
23.0,22.40236
23.0,26.18589
54.0,56.575233
46.0,53.85305
34.35,36.45388
29.0,27.57977
22.0,18.40479
40.0,42.397545
64.17,70.22951
25.582477754962355,29.739384
70.24777549623545,64.53229
11.5,13.861136
73.53867214236824,68.38179
24.0,18.806057
55.0,51.84494
57.0,49.827515
18.0,14.960389
21.5,21.396236
15.6,17.776775
54.66392881587954,48.638763
27.0,31.265223
39.0,42.08518
24.0,25.624262
53.75,48.69493
33.686516084873375,38.205486
71.0,73.775055
13.0,11.892517
80.11,74.188156
53.34,40.854015
81.28,85.42172
79.0,79.953125
10.0,12.207346
17.0,14.892071
20.0,17.085014
54.0,32.286148
67.05544147843942,55.567986
15.4,18.36679
73.0,72.884796
18.0,15.554873
66.0,65.69235
56.67624914442163,51.395866
24.0,32.001644
30.72,28.134357
60.0,58.386482
23.0,22.549467
19.0,22.222895
26.0,21.871273
20.0,14.014544
80.1697467488022,66.43716
35.0,38.063248
28.0,26.434631
79.0,71.75999
29.00479123887748,37.112328
49.0,52.829834
15.9,23.715033
54.92,32.243767
39.0,30.950314
58.0,64.724365
59.0,53.142952
22.0,21.451096
55.03,53.755272
24.0,21.71698
56.0,38.49711
28.57,24.039265
20.57,21.276201
17.9,18.318
34.0,31.653746
25.21286789869952,24.265821
69.81,71.00112
34.0,32.4527
85.6,83.095474
44.0,60.07312
12.5,13.362356
42.0,41.978928
21.0,19.392296
42.97056810403833,34.12245
16.9,14.925894
53.327857631759066,49.73835
45.0,36.399017
64.0,55.42475
72.0,70.5246
60.0,68.62944
70.10540725530458,69.263
27.381245722108144,32.667233
47.0,45.57329
26.0,20.106094
48.88,45.28975
62.0,56.95465
69.13347022587268,72.15541
21.0,18.61081
19.0,15.191979
41.059548254620125,38.506294
20.0,24.659536
22.0,23.048346
18.0,16.333157
58.0,56.861984
38.27789185489391,37.172997
29.0,20.645592
28.0,25.321297
31.59206023271732,31.264004
75.0,64.04805
80.0,81.32154
20.0,23.894299
22.44,17.631477
60.0,59.70662
28.0,27.700611
62.0,56.87066
70.68,77.22191
20.0,21.904938
21.0,22.581089
62.0,68.043915
31.0,26.256527
20.0,26.276257
44.0,38.797714
72.13141683778234,67.536415
57.0,59.892
29.34,25.191412
30.0,27.056376
16.0,16.749882
58.0,53.74923
55.0,59.901733
26.0,25.749056
24.0,17.555984
61.0,50.331505
45.0,43.666473
40.69,45.656685
20.0,16.713047
60.07392197125257,59.116882
71.0,71.147354
63.0,61.41716
34.13826146475017,29.597187
73.01574264202601,65.06346
60.28,55.512817
40.0,33.327248
41.22929500342232,30.09457
23.0,20.857576
42.0,35.824783
29.2,19.760923
58.0,53.242146
49.40451745379877,46.443115
19.0,20.68267
7.26,15.72485
44.02464065708419,41.175858
20.0,22.59319
29.0,21.96283
60.0,56.643463
22.0,22.445421
19.0,13.4087925
64.0,46.596725
64.0,61.46044
32.0,14.535894
60.0,63.40646
49.0,53.37377
47.0,61.737694
20.3,32.998272
17.86,22.361362
25.1854893908282,23.175743
79.0,67.53317
36.03,25.764181
12.2,14.896292
83.0,78.0639
68.0,65.768555
42.0,50.974148
27.0,30.12527
19.0,18.977894
20.0,21.91036
24.0,25.509289
36.0,26.063509
19.0,18.739326
16.0,23.821999
52.0,38.1696
47.0,44.713367
27.34,25.083782
73.0,75.49185
24.0,22.488262
50.0,34.641266
23.0,20.163187
60.0,49.76494
33.59,31.167744
64.0,60.63028
39.0,33.367393
21.0,24.267433
37.0,40.04061
24.0,18.844408
40.8,37.788845
80.0,78.22664
19.0,19.322533
61.0,63.235085
20.57,17.50916
37.94934976043805,42.601807
48.0,45.30521
23.2,15.547833
80.0,78.08721
11.0,18.218084
30.0,27.214283
26.0,16.498167
72.0,72.88167
62.0,54.662453
70.0,59.891872
37.0,40.109947
61.0,56.558487
25.0,21.856632
86.3189596167009,65.55197
75.0,72.448
14.0,15.3801775
72.0,70.550095
21.0,24.76268
59.0,49.306396
62.0,70.43033
20.0,32.982525
22.0,22.570457
22.0,13.034145
39.02258726899384,31.158195
25.58521560574949,27.337234
43.82477754962355,34.81066
19.0,13.389044
21.0,20.368546
31.0,23.917309
14.0,11.467083
48.101300479123886,45.143173
65.0,54.50602
54.21492128678987,49.664833
33.01,37.296684
48.0,42.422375
22.0,19.36853
75.0,73.26663
18.0,21.699123
61.0,58.18737
66.85831622176592,66.709885
53.11,56.198975
20.0,19.37756
27.0,25.645737
67.69883641341546,56.78907
34.0,40.82095
60.0,60.25126
21.15263518138261,36.860672
82.0,82.23518
23.0,21.272665
26.0,20.24461
55.58110882956879,54.51278
35.0,30.610085
16.55,28.14613
29.730321697467488,26.557804
49.0,58.298958
29.0,32.420715
20.0,23.178476
22.0,16.509394
46.0,39.484344
26.0,18.567827
29.0,22.85641
54.0,59.689285
12.25,13.63638
82.0,75.06796
18.0,35.480537
20.0,16.558895
61.0,56.00553
55.0,33.99713
50.65023956194388,38.163857
21.0,25.601612
22.0,22.526922
61.0,59.115776
20.0,23.899878
12.49,16.238155
24.0,20.717365
23.0,19.885395
49.0,45.62216
86.0,77.77185
36.0,47.479027
23.8466803559206,21.954945
27.0,28.903791
22.0,21.340809
22.0,26.350903
36.0,31.819382
74.02600958247776,73.93274
50.0,46.011883
24.0,22.177742
25.0,24.949696
19.0,23.592321
29.81,24.178562
21.0,23.364332
23.0,24.23359
58.0,53.288864
19.0,27.010094
21.54,17.832722
23.0,17.657276
31.0,31.324821
24.0,26.461775
22.95,28.863056
22.2,25.118244
19.0,23.567497
55.0,56.965546
31.11,21.895231
29.0,22.267078
23.0,32.878227
23.0,19.946966
65.0,78.703674
56.0,48.49179
22.29,12.78092
20.33,26.055134
41.0,29.518879
59.38,44.973267
19.0,18.692245
33.59342915811088,27.361834
14.19,16.872257
34.0,30.624517
51.0,47.92588
23.0,17.85653
77.0,80.22975
42.0,26.541283
11.32,12.421558
75.93702943189597,69.45763
60.0,52.183167
20.5,23.661724
30.0,26.023893
23.0,23.187344
82.18754277891856,78.469055
30.08,35.04393
12.0,15.276503
59.0,50.669975
33.9958932238193,35.123795
80.0,73.61903
47.0,36.632744
67.0,75.73181
46.365503080082135,46.290367
22.0,16.9003
21.0,15.92872
20.0,19.102474
36.0,27.044176
23.55,23.993637
23.0,24.27455
42.0,49.276352
48.53,41.929676
19.0,26.662342
26.0,28.10915
22.0,19.975655
18.57,19.2931
67.0,57.21852
61.9958932238193,60.917244
60.46269678302532,46.717644
23.0,16.81265
41.09514031485284,27.732151
44.0,41.395645
64.26830937713895,57.18589
49.0,61.83725
61.0,68.62566
19.0,23.033802
24.689938398357288,23.753933
32.0,26.481224
19.0,14.563351
36.92,43.05989
49.0,38.09194
52.0,36.212128
45.0,51.03817
29.77138945927447,33.160034
69.0,61.93331
28.372347707049965,32.586136
38.0,29.290524
79.0,80.87164
26.0,21.736366
15.0,19.01314
19.0,21.743975
40.81314168377824,37.120277
14.0,19.646086
9.54,14.965112
22.0,21.803055
21.33,20.506681
43.0,35.431328
77.0,77.48032
29.0,19.159061
45.61533196440794,37.86773
50.0,51.928204
31.0,27.285862
26.68,23.591404
29.49760438056126,38.67554
9.81,11.946512
59.50992470910335,53.12448
63.181382614647504,59.260628
24.0,21.163845
58.0,65.93341
17.96,19.815136
52.0,69.186035
87.68,84.600845
53.0,49.415504
20.0,18.145676
23.0,20.03134
67.0,73.04054
67.0,68.411415
80.0,77.50758
44.38329911019849,57.65402
63.0,59.548805
23.537303216974674,16.538223
24.0,19.080162
19.0,13.795212
11.31,14.507613
63.0,60.083023
21.0,25.974754
58.0,62.67315
51.0,54.71038
56.0,56.955566
24.0,20.764256
42.0,32.695858
19.0,17.699356
21.0,25.469624
17.83,14.832405
28.0,26.15438
46.0,34.17291
56.0,49.151012
67.38,73.803535
26.0,27.031303
44.87611225188228,45.53488
34.0,40.699978
18.0,17.739706
20.0,19.017828
55.11841204654346,52.07344
37.42,39.10054
33.0,26.404331
33.75,36.16522
13.0,18.30455
25.0,26.397709
18.8,21.845863
24.0,27.97506
48.0,41.261986
24.175222450376456,30.32409
41.82067077344285,50.844986
21.0,25.255543
60.0,53.78658
57.0,50.364876
35.0,31.551723
67.0,57.11638
28.27,19.727654
60.0,64.369965
46.0,35.56591
73.29,75.66794
34.47775496235455,31.09533
45.0,40.49643
68.0,63.289944
27.0,25.894375
62.0,66.73005
78.0,72.4901
26.0,25.662199
60.0,54.741158
34.28336755646817,30.754232
21.0,20.641766
15.1,12.8351555
21.0,28.08419
8.59,15.636132
50.35,54.106285
18.0,20.892132
14.8,18.824924
34.0,33.564262
20.0,20.527374
23.0,28.289625
32.0,30.998152
11.7,12.385014
22.33,28.168665
27.38398357289528,23.436
13.0,14.741083
85.0,75.61311
22.34,19.367447
57.03,57.946507
20.0,17.762514
75.0,67.476295
40.0,45.823215
24.0,21.853344
26.0,20.940876
18.0,26.812092
69.0,67.26454
72.0,75.62895
60.0,65.92562
22.0,22.573502
31.616700889801507,27.346462
66.0,58.054977
33.0,32.229393
38.13,31.679869
19.5,29.225365
46.89664613278576,51.40783
20.0,23.614468
22.0,18.84799
47.0,34.0992
36.91991786447639,39.523643
35.9917864476386,41.030315
58.0,56.23774
49.0,54.354656
20.0,24.702923
54.0,63.10273
64.0,39.29347
48.0,49.204674
22.0,20.844505
62.0,60.49491
24.55,19.548693
66.0,65.6353
34.0,26.345123
43.21,32.816017
14.6,18.459957
21.0,16.325996
24.0,20.065495
32.0,26.16753
53.0,49.64277
86.0,76.227905
26.0,16.941296
21.0,21.493904
30.0,31.051092
12.0,14.153652
51.81,58.29368
71.0,55.151413
70.79,71.43263
35.0,35.015076
62.24503764544832,67.783325
21.59,23.93983
14.0,16.31528
47.0,37.731323
35.36,31.017593
58.0,60.957462
61.0,66.10272
47.0,31.586645
59.0,65.14017
22.0,29.224304
23.0,18.953579
23.0,18.637154
21.0,21.840445
21.0,16.310589
70.14373716632444,72.02768
20.0,20.018318
32.70362765229295,28.37933
63.0,54.9268
22.0,14.211779
51.0,41.713196
33.0,41.19262
56.91991786447639,44.503586
58.78165639972622,54.16827
24.76386036960985,23.796719
21.15,16.275784
23.0,23.075165
23.0,25.815207
64.0,57.751884
73.90006844626969,57.959396
28.67,30.298996
60.0,62.297707
22.0,24.76679
19.0,18.495405
65.0,60.863712
25.0,28.576298
24.0,25.058674
49.0,42.184258
56.0,61.236202
18.0,16.80566
46.0,38.875565
47.0,37.803844
71.0,73.86742
67.65,65.45684
65.0,60.521507
21.0,25.11945
81.0,78.49753
40.0082135523614,43.60771
52.0,55.55014
62.0,61.055695
38.84,37.317783
60.0,69.52037
23.0,22.491371
71.0,71.73979
64.18617385352498,71.73218
37.0,29.149235
24.0,20.606619
56.55,46.775932
26.0,27.303581
40.93,32.57943
41.30047912388775,40.501907
23.53,18.24946
24.75,24.112486
24.0,29.459213
13.0,21.52425
43.0,38.35737
13.0,27.442974
48.0,44.29886
21.0,17.70007
28.0,17.766169
67.0,67.44101
78.0,78.23951
22.0,16.679989
65.0,66.99876
30.66,30.330444
26.0,25.650549
27.0,35.802094
61.0,65.239494
25.0,28.28368
72.0,69.74626
20.0,27.580837
23.0,25.865055
25.0,27.717323
19.0,15.62879
46.29705681040383,40.408337
37.0,35.859673
61.0,61.662415
23.0,16.774727
19.0,20.944496
58.0,59.117218
14.0,16.25425
22.0,17.40452
22.0,32.421623
64.0,59.001236
28.0,26.832943
77.0,75.99509
20.0,16.902784
70.0,52.4016
59.0,57.417725
27.0,27.18299
28.0,35.68225
19.0,23.195044
34.11,31.95404
30.0,36.982533
47.0,44.27433
22.0,20.213608
58.0,50.912964
93.0,82.39972
60.74,53.5499
21.0,23.331413
60.87,66.35672
21.0,18.010416
27.0,29.306917
68.85147159479808,68.48227
23.0,23.816212
69.19,63.89482
58.0,60.38436
20.0,27.963066
44.0,36.372643
19.0,18.894703
67.53456536618754,66.07175
12.9,13.1940775
21.0,20.901814
21.0,14.534098
36.91,29.761154
56.0,52.20343
55.59753593429158,57.578224
51.0,38.19218
31.0,39.823975
52.0,41.021233
58.0,57.73408
20.0,17.705936
72.56,69.71532
26.0,27.27676
78.0,68.932045
12.0,17.007374
26.11,29.079906
53.0,55.02633
24.0,22.687271
53.53593429158111,44.37658
66.0,67.11978
15.0,24.715117
33.0,42.92939
33.0,32.712936
12.0,16.805
21.6,26.362724
22.0,20.107822
27.0,27.497334
23.64,24.480541
68.0,67.13475
49.0,36.86832
28.476386036960985,23.728146
26.0,18.955162
30.0,24.932447
22.0,23.957045
20.0,28.76336
42.789869952087614,34.247513
73.0,74.87438
79.0,76.9311
25.0,21.154617
56.0,62.465874
76.0,67.04357
30.0,30.335487
21.68,21.070896
73.0,73.64096
23.0,34.38211
35.0,30.704857
81.0,80.956924
57.738535249828885,63.546772
45.0,49.411552
74.0,67.86209
84.0,77.5567
53.0,56.85125
59.0,57.566925
25.0,20.696455
56.0,52.995613
33.0,33.265198
49.0,39.314507
53.0,33.7155
20.0,23.134872
75.0,68.51964
15.0,17.914799
72.0,67.578415
23.0,14.263581
89.0,75.512405
80.29,79.50064
42.0,49.87896
60.28,49.934807
33.13347022587269,35.764874
26.0,24.402279
25.0,27.514536
68.0,75.43872
74.0,74.7451
21.0,19.156956
49.0,36.680107
35.0,35.259174
52.0,52.29888
22.0,21.056667
42.0,43.226265
79.0,79.02442
51.0,64.18364
33.0,28.704185
20.0,23.281164
23.0,31.150837
23.0,30.973679
58.0,63.531845
67.0,56.079155
83.0,71.63992
59.0,67.5607
56.0,47.45363
58.0,46.479332
34.23682409308692,32.91269
55.63586584531143,58.009537
41.0,37.948433
42.0,37.15233
47.01437371663244,49.102737
58.0,64.62735
64.75017111567419,62.406574
52.0,53.084877
8.15,12.89254
33.01,35.862183
66.0,66.25398
27.0,26.464718
44.0,44.89479
20.0,24.042677
38.0,28.758625
21.0,21.978817
44.0,40.340454
46.0,45.26509
28.0,22.359135
24.0,21.93581
64.37,65.10664
21.0,17.84893
38.0,34.97467
75.0,78.14648
8.91,13.794275
46.0,41.852623
19.0,20.632153
35.0,38.384872
33.76317590691308,36.670544
21.0,24.444103
14.0,15.629419
50.0,47.436142
23.0,19.990868
23.0,29.331951
30.0,30.498652
22.0,18.785545
80.84,82.919014
19.0,26.560802
60.0,60.18142
60.10951403148528,63.43858
56.0,53.309998
24.0,21.71082
49.385352498288846,51.4303
24.0,23.155584
19.2,18.487682
23.0,31.022007
39.16,37.860336
28.85,28.60009
23.0,25.509169
24.0,24.8353
44.97,40.692116
72.0,74.45763
50.39561943874059,54.480183
25.018480492813143,19.748798
19.0,20.179203
52.30116358658453,40.99858
18.0,31.267492
36.0,30.160038
20.0,20.57732
29.0,27.99976
55.0,50.320244
23.0,22.674387
24.0,24.223995
24.0,30.051722
19.0,24.275183
50.6,50.547806
37.828884325804246,32.07167
41.20191649555099,33.916363
53.0,52.330696
61.0,55.183258
48.0,42.24417
28.0,17.174448
34.0,23.454004
58.0,46.098953
31.58,33.081055
66.0,64.18379
29.0,22.060051
50.0,42.595055
24.0,26.700232
58.0,54.68667
21.0,20.635849
21.26,21.121136
64.0,66.43149
21.0,19.261278
24.0,28.629116
34.0,34.34623
21.0,19.447884
62.0,56.053192
81.02,70.544106
21.0,17.330873
50.0,61.90932
19.0,18.669903
76.0,58.361893
88.14,82.75537
35.0,31.449207
18.0,24.47517
60.0,61.29368
76.0,79.29028
69.0,68.45357
83.0,85.37677
21.0,16.675636
24.0,29.620014
67.0,65.07262
62.42573579739904,59.030907
46.59000684462697,43.276268
21.0,27.36578
48.0,22.717583
31.78,24.849524
26.87,27.682362
44.0,67.57819
68.0,75.10454
47.0,39.300972
31.0,34.02384
49.0,44.64401
80.0,84.10919
23.0,26.720732
62.0,58.37204
46.0,47.05809
24.0,21.036602
70.98,70.69626
32.21,24.193
49.0,36.689415
82.07,71.50187
21.3,26.117025
20.0,19.66542
74.58,81.44032
56.0,53.482353
62.0,60.271217
24.0,21.919376
44.205338809034906,44.200447
17.5,19.323456
71.0,72.22124
59.0,66.151535
71.34,60.816895
19.0,20.154945
55.08829568788501,53.2631
52.0,37.5085
22.0,30.682598
40.83,42.046577
58.0,53.95462
31.69,33.647114
51.0,40.79623
60.0,59.752533
11.38,17.505415
59.0,55.445187
74.0,80.21933
26.0,26.069853
13.0,17.481327
54.0,38.179024
23.0,20.463182
27.0,29.594559
49.0,44.876057
20.0,18.403511
18.0,28.658707
31.0,33.320404
23.0,24.213808
46.0,47.02738
12.4,15.25952
26.0,24.223831
28.0,24.315384
31.0,35.22608
27.0,27.993168
66.37371663244353,57.31025
28.0,30.871954
57.0,56.289753
52.0,42.529976
74.0,69.1964
22.0,21.055573
20.928131416837783,27.25656
44.0,48.467415
62.0,70.415115
69.28952772073922,63.754166
31.0,29.559525
48.54757015742642,42.12519
13.0,20.814486
25.0,22.961842
67.0,73.67693
28.0,28.945202
50.0,52.64379
72.3504449007529,70.32233
71.0,64.85895
54.27789185489391,54.647217
52.0,47.530807
41.13073237508556,43.43657
64.0,58.62239
24.6,22.820969
22.0,19.887384
25.0,26.739662
30.03,28.761034
50.0,45.770393
20.0,23.78567
36.41,34.514076
15.71,15.246038
67.0,67.57582
24.0,26.77071
52.0,52.852398
11.0,20.215635
40.0,33.14434
28.0,26.879814
55.540041067761805,56.33951
76.78028747433265,65.64534
42.0,44.973854
32.05,23.8475
69.0,60.296257
69.0,76.19519
81.2,76.58902
60.0164271047228,53.578037
23.0,21.333748
25.0,20.654152
21.0,24.681843
68.12320328542094,71.15646
24.0,24.380962
83.7,82.76746
22.76,21.815575
26.272416153319643,31.30093
43.0,35.60475
74.0,74.666016
26.0,25.762743
36.0,38.501472
20.0,18.241756
66.32991101984942,71.98378
59.00342231348392,50.90084
19.0,21.013481
55.0,45.529533
61.0,60.616158
68.13415468856947,51.52249
14.0,20.868177
33.41,22.535366
48.0,37.129684
71.0,72.2905
19.0,20.276636
24.0,20.59563
20.0,17.210796
24.0,31.209429
64.0,66.81701
20.0,18.259022
37.0,40.696487
22.0,20.245594
32.0,34.519073
31.0,29.895357
76.0,77.682655
52.0,48.9751
75.0,70.099106
35.0,28.46874
20.0,18.371397
18.0,20.073849
31.0,32.727837
23.3,16.86973
22.431211498973305,27.413109
20.0,17.738644
30.47,32.238693
25.0,19.84197
27.0,27.044598
64.0,64.93747
60.0,58.55729
85.0,79.32132
54.21492128678987,44.374672
30.89390828199863,29.183144
20.0,15.610327
20.0,22.323715
13.0,12.787698
19.62,21.354036
39.0,37.94513
13.0,17.702522
20.0,23.368732
24.0,23.803947
23.0,21.902714
19.0,19.413855
20.0,23.845623
36.0,33.165028
11.0,14.55662
74.4,64.52164
21.3,26.570274
39.0,39.34207
48.0,43.065315
22.0,16.674503
50.0,42.790436
42.0,35.201378
16.2,18.919632
29.0,33.327793
61.0,69.97615
78.0,78.804474
29.114305270362767,32.033585
35.0,20.727814
49.0,30.943352
42.0,33.131165
21.0,24.774387
60.01,57.654675
63.0,62.121704
73.0,74.063934
28.0,28.963913
40.0,33.95305
60.37,52.69548
23.0,31.88055
19.7,18.639017
87.34,83.87514
58.36824093086927,58.03901
20.0,14.392655
31.4,27.237675
42.0,50.683025
71.0,61.84719
77.0,71.27736
47.0,41.971222
49.0,50.46246
32.0,25.21168
75.0,80.6933
45.0,40.525875
78.0,74.9537
59.90691307323751,57.312317
21.0,20.994278
20.74,17.970654
20.0,18.796238
20.02,24.448605
21.0,24.437757
42.0,46.1316
28.0,33.848965
12.7,16.885498
24.0,16.887997
71.0,74.20412
18.5,24.721523
45.0,47.675797
47.65,52.437275
35.0,25.095871
56.0,47.606323
43.61,46.02645
31.0,35.51721
23.0,19.23119
61.0,69.32172
69.0,66.67877
24.0,28.105213
44.0,44.091488
22.0,20.1765
22.0,17.38442
29.0,25.032768
49.0,56.413185
20.0,17.37187
70.0,77.36192
22.0,28.421864
41.0,23.013668
60.0,59.31083
33.45,23.075518
54.0,47.220947
35.983572895277206,30.78107
69.0,72.23917
38.0,35.932808
23.0,18.759079
31.89596167008898,38.02593
20.0,24.506283
28.46,34.60109
59.67145790554415,68.68294
49.0,49.593185
15.0,17.982769
54.0,40.257217
21.0,18.04042
65.0,62.5919
70.0,77.3813
24.0,19.862667
34.0,23.517982
30.0,24.367405
25.0,25.036594
83.0,74.60251
25.0,24.64502
23.48802190280629,26.858955
55.0,49.179344
21.0,22.138756
30.0,29.365715
25.0,22.785994
75.67,75.19851
63.0,62.245667
24.0,23.316074
60.0,60.905567
76.0,76.56557
34.0,21.394466
19.0,22.30149
18.0,25.125643
33.0,24.730343
18.0,23.7085
23.0,20.92361
41.0,44.07798
20.0,21.91379
24.0,16.399874
26.0,27.05011
19.0,19.012417
67.16,70.00439
24.0,19.524826
59.0,50.11669
63.0,51.219902
22.0,20.258938
51.0,48.83535
78.0,60.506493
21.0,15.678677
34.0,20.259058
47.0,43.79904
19.0,22.478775
25.0,30.604641
48.0,35.651123
70.0,77.6584
41.0,33.38784
58.0,63.69825
20.0,18.30841
49.0,56.315216
58.0,56.95925
84.0,76.173615
26.0,18.971657
21.44,16.365444
23.0,25.183842
23.99,16.572247
59.0,63.302567
65.0,70.5483
27.38945927446954,36.33142
48.07939767282683,43.712555
61.06502395619439,49.700676
22.0,26.46385
33.0,24.083319
78.0,82.701675
19.0,19.484764
21.2,24.000088
41.0,28.068718
61.27,64.06386
70.0,75.22556
21.0,17.996319
13.0,20.992874
81.0,83.790405
50.0,57.4907
20.0,19.195896
55.0,46.235977
21.0,21.540388
89.0,82.241295
60.07939767282683,57.883263
22.0,22.41694
74.5,67.21031
77.0,81.96887
57.0,52.581432
45.0,32.73835
21.0,14.921656
76.0,68.978485
41.0,44.47348
69.0,77.0401
21.0,14.757832
45.0,46.099457
39.0,48.104828
29.0,26.40855
27.0,23.381937
55.23887748117728,51.70668
21.0,29.141235
55.65503080082136,62.216507
26.0,29.957897
68.0,62.990623
50.0,41.874214
19.2,29.634956
31.0,38.397655
27.0,29.254293
20.09,20.886913
20.0,20.949356
24.0,20.990162
64.57768651608487,67.62857
23.0,22.988335
20.0,17.487625
26.17,28.663303
53.0,41.273804
71.0,71.23639
19.0,15.92673
34.0,32.906174
11.56,14.052474
52.0,56.050957
73.07,71.482025
21.4,20.11876
75.0,69.97737
55.0,46.556847
57.0,52.729847
19.0,25.05184
59.26351813826147,57.160313
63.540041067761805,55.146442
21.65,22.19928
18.0,19.379028
61.54,60.428974
87.0,81.655045
20.0,18.685812
37.0,35.786953
21.0,29.817953
47.0,44.788803
29.28,33.472595
20.0,26.413284
25.0,20.802872
28.24366872005476,30.690722
14.42,11.661005
18.0,18.287895
22.0,15.022479
20.0,24.511497
14.0,20.034224
62.06160164271047,57.53191
11.0,15.032926
22.0,25.783699
21.0,14.387285
60.0,63.670063
24.0,25.318478
21.0,21.20343
51.0,36.824745
74.0,72.770355
34.20670773442848,51.47708
23.0,17.89356
62.0,60.33278
41.75222450376455,37.868942
17.0,21.87656
33.34976043805612,39.81663
27.0,32.133373
54.0,55.898582
37.0,34.483543
60.0,58.399376
53.0,36.614754
22.0,20.396877
31.0,30.606716
22.0,14.977426
60.0,43.508236
76.0,72.56911
64.0,57.565613
13.6,19.03214
57.0,48.7201
43.53,45.99853
72.0,69.88326
40.5284052019165,34.3986
32.16974674880219,36.432648
60.97467488021903,59.569466
60.81,56.277916
67.0,63.103523
33.0,31.611832
40.0,37.712387
40.0,34.31936
19.0,21.238428
37.0,28.583035
70.0,80.68317
48.67,39.18799
17.31,16.177092
19.0,15.415515
42.0,38.91549
55.0,47.799595
55.0,52.14524
63.83572895277207,62.574768
76.0,71.35156
12.5,16.735783
51.0,37.424843
24.0,18.522335
43.91786447638604,33.189323
60.0,59.439285
37.0,35.73867
51.0,52.464233
78.072553045859,71.47313
71.0,71.22826
46.0,46.77456
79.0,80.46831
42.0,39.63613
33.0,35.007797
62.0,54.195915
42.0,38.812637
32.0,29.950703
42.0,34.838345
18.9,27.643036
73.36,70.72757
64.0,69.05002
62.0,67.70065
25.0,20.423595
60.0,63.185326
64.0,69.53388
61.0,47.16002
26.64,22.661901
23.0,19.42359
23.0,19.106838
58.0,57.05964
21.0,22.510931
18.0,19.48776
19.0,20.685596
21.0,26.261648
36.0,39.77997
21.0,17.575422
31.44,35.947746
19.0,18.405909
53.0,58.815826
22.5,19.383617
26.0,29.464558
35.80561259411362,33.523216
24.0,26.828491
68.45,73.11048
20.0,16.980162
43.0,38.493996
23.0,14.309516
49.0,62.05721
24.34223134839151,36.05729
56.0,62.488785
67.24161533196441,60.18969
23.0,23.4651
70.55989048596851,71.35268
62.0,61.80744
88.0,81.685715
85.0,84.4973
60.0,64.7498
22.0,19.512844
34.0,17.746431
49.37,48.188683
64.0,64.785706
7.67,14.161635
71.0,72.028435
45.0,40.196045
43.162217659137575,35.386997
48.05201916495551,31.261204
20.0,17.709225
69.0,66.19743
18.0,17.713535
30.0,21.918686
26.0,36.218468
21.0,18.839115
20.0,26.213709
19.0,24.142414
21.0,27.1479
15.2,16.047752
20.07118412046544,26.883495
21.0,21.20334
53.96,34.210304
25.45106091718001,30.86879
83.45790554414785,69.362625
50.9,46.065884
15.0,21.918028
25.0,28.352674
67.0,67.554825
21.58,26.884666
22.0,26.062843
68.0,49.541637
65.12,68.07703
18.2,28.404684
48.0,51.348648
31.0,23.72948
23.731690622861056,25.806156
34.4,40.850937
57.0,59.906013
49.9192334017796,43.828125
21.0,26.7861
11.0,18.082886
36.0,37.344017
66.13,64.76181
21.0,29.550106
19.0,22.594902
12.0,10.595279
28.04,30.511433
54.0,50.07939
29.19,21.978485
26.06,22.860174
48.0,36.09111
16.55,17.095982
51.0,45.11043
13.0,18.232891
20.0,25.84236
55.62,56.976593
12.1,13.651451
25.0,19.69984
31.0,24.308891
37.0,45.48508
54.0,51.46235
60.91991786447639,69.019516
58.0,68.117836
80.0,82.06606
48.0,59.222717
45.0,45.764706
47.0,60.129784
20.0,17.469934
55.82751540041068,54.398514
18.0,17.826155
66.0,66.57624
54.48596851471595,55.140358
14.79,13.621033
42.0,38.940254
61.0,52.83348
29.0,22.470228
59.0,61.95419
20.0,18.164951
64.0,54.81571
57.0,57.832405
64.0,62.25494
32.0,36.97644
31.0,23.772926
21.71,15.857014
25.0,31.795128
32.0,37.297432
19.96,19.418007
15.0,23.762829
20.56,21.333565
70.7,72.22471
49.01574264202601,41.5048
33.0,37.342285
46.0,42.84693
26.78,33.18525
82.43,84.44691
25.0,22.295414
22.0,18.529549
20.0,19.209438
27.28,26.963133
29.32,21.485096
20.0,17.86895
48.0,48.50902
37.0,28.346476
22.0,25.06054
20.0,17.62601
56.9637234770705,54.544014
24.0,23.072971
23.34839151266256,24.500977
23.0,22.996162
32.92,28.214748
19.0,22.010689
32.0,26.876167
21.0,19.174671
11.4,13.141419
48.0,45.978683
24.0,15.6176815
68.0,63.41634
59.0,47.20332
19.0,15.613178
22.0,35.379448
24.0,28.328106
30.0,26.138166
23.0,21.254456
22.0,29.371056
39.04,29.5305
58.0,46.67835
24.0,30.01496
21.0,24.935942
53.0,56.961388
44.0,43.436348
46.0,51.83374
66.0,63.32629
22.0,17.438835
39.0,43.68689
81.0,72.13518
85.0,80.04408
49.40451745379877,52.07396
24.0,20.654316
40.0,46.432343
44.91991786447639,46.478157
54.05,79.62163
19.79,16.899187
78.0,78.90601
19.0,23.494099
86.0,80.32623
19.0,15.971783
24.3,25.302418
12.0,13.488428
57.0,57.01236
45.0,45.713608
22.0,21.91903
22.0,23.426964
66.33264887063655,62.042603
66.90759753593429,65.95713
50.0,57.023033
23.0,22.100616
19.0,20.800276
35.07186858316222,45.081356
59.0,33.066326
71.0,68.07161
41.21,42.34067
11.34,14.842553
54.0,46.576054
68.0,67.00366
26.0,21.58326
55.92,44.110878
21.0,17.660437
8.26,12.860172
77.0,78.19276
24.0,19.191414
28.0,19.497572
45.0,46.657776
52.0,57.696503
65.52,66.44293
21.0,19.582413
83.33,77.32734
68.0,65.19089
75.0,69.06709
25.0,29.557732
24.0,21.892263
25.741273100616016,25.236748
66.0,58.2265
20.0,16.716541
70.0,57.900177
14.87,14.304023
28.0,33.25408
23.0,24.456022
30.0,21.763454
21.0,28.018791
64.0,55.49205
52.0,63.972443
19.0,19.70396
47.0,44.48449
19.0,18.824215
25.17,13.090842
51.0,39.499557
23.65,28.057537
23.0,27.365685
20.0,25.241402
51.78,46.021126
21.0,16.459553
62.80355920602327,68.090614
85.0,78.09849
8.01,11.269075
20.0,13.481381
53.0,66.26724
69.32511978097193,60.724792
23.1,23.123354
21.0,18.468998
24.0,22.506342
23.0,22.82287
62.0,57.610546
80.95,75.71582
20.0,16.814255
68.0,71.30485
52.0,55.02526
59.0,65.071724
70.51882272416154,68.84928
60.90622861054072,56.303436
32.0,29.98854
21.0,20.931097
23.0,18.9514
20.9,17.67538
21.0,32.201805
57.0,51.65429
26.0,19.705235
41.0,35.935905
40.0,38.910835
12.0,12.529356
56.0,56.26418
36.0,33.728195
28.0,35.025536
44.0,42.52845
23.0,24.812366
22.0,18.887856
33.921971252566735,24.188099
37.0,35.94716
13.63,13.822817
19.0,22.57301
27.71,24.574783
22.5,17.734787
20.0,20.468227
76.0,69.98984
25.0,25.19957
26.0,23.33598
31.0,26.355118
16.0,20.559097
80.0,82.021515
41.0,37.615078
43.0,43.41314
47.18,34.18151
58.0,56.692566
71.0,71.98479
20.75,15.475473
31.84941820670773,28.145355
75.0,72.583
63.186858316221766,51.91166
88.0,80.245316
25.0,29.462288
23.0,27.399107
41.74127310061601,42.686207
42.0,38.69485
64.0,55.00666
81.96,76.09838
45.379876796714576,40.41574
27.0,26.254332
23.0,19.802464
24.0,17.872244
14.7,13.627924
62.0,69.80928
49.0,50.315086
71.04,69.0084
34.72,31.00411
40.0,29.634531
69.60985626283367,68.74752
76.0,69.656296
25.0,29.355364
21.0,16.885
26.0,18.989094
76.0,77.56563
75.0,80.987366
24.0,26.907427
66.42,67.66951
20.0,25.699314
21.0,18.917957
20.0,19.728933
41.94934976043805,50.790287
64.0,52.928257
69.28131416837782,70.64275
46.0,50.110214
34.44,29.962036
27.0,24.448414
75.0,75.79558
56.0,55.666325
82.0,78.129745
22.0,22.978416
22.0,22.343884
42.507871321013006,44.957264
42.0,48.656548
23.0,19.447525
29.16,28.357498
56.0,66.98395
75.0,74.98151
90.0,86.86168
31.47,26.843292
20.0,15.51811
55.0,46.081284
20.0,20.418621
32.0,29.31901
22.0,24.32525
58.0,44.814583
12.0,17.357538
42.0,38.4134
27.0,36.860428
53.0,55.270927
24.0,23.817848
30.0,30.237625
34.0,28.017223
48.0,44.489174
21.8,19.059023
70.50239561943874,72.33722
54.0,52.749733
85.0,79.635086
11.4,13.53539
80.0,81.24663
33.0,27.759293
85.0,76.848724
15.21,16.407791
70.49,72.768234
18.0,19.136986
19.67,14.718529
27.0,28.227543
46.0,46.87262
46.25,49.96879
28.0,23.110743
19.0,15.522474
32.0,37.052963
37.0,41.562935
66.0,70.69771
23.0,19.08117
63.0,64.64549
57.0,70.81531
42.0,42.51064
40.32,27.700092
51.0,54.071735
63.97262149212868,59.945152
19.0,16.030615
23.0,23.839142
13.0,20.54961
15.0,14.751254
25.0,23.038822
11.0,12.541892
20.0,18.257366
34.0,36.537327
19.0,20.721832
19.0,24.657337
39.0,37.37964
33.45,41.20145
52.0,53.022095
47.0,40.53125
59.0,55.907646
28.0,28.714048
53.0,53.04284
19.95,24.479984
15.0,23.225798
26.0,23.752525
20.0,15.351007
39.0,38.445854
19.0,22.401522
46.77,49.076134
54.0,50.663124
23.0,30.022581
62.0,41.31535
24.64,23.870075
30.0,23.197445
55.58110882956879,53.477543
44.48186173853525,38.822884
54.3,35.10633
46.0,43.318695
64.10403832991102,61.414635
64.0,56.987495
57.06776180698152,45.503845
65.0,69.7417
20.0,18.117245
28.44,22.25248
76.0,75.65393
26.0,28.6016
28.0,24.16182
68.0,70.28926
51.24,49.48605
59.0,49.709297
23.0,27.031809
41.327857631759066,33.790855
23.0,22.916595
72.0,75.135864
20.0,23.887863
54.0,47.566452
67.47,63.600803
31.0,33.99074
36.0,33.017498
48.0,52.697586
21.0,22.5839
23.0,21.726173
51.0,61.929092
59.0,57.930183
18.0,18.928926
77.0,74.49121
19.0,14.516459
24.0,19.229742
32.26,36.60582
37.0,42.41826
9.48,11.578659
75.0,70.57356
62.0,48.972397
13.0,16.144564
24.0,29.6898
32.0,25.595165
37.0,34.534416
18.0,22.996078
45.0,39.32679
43.0,40.486404
14.9,20.44104
54.19301848049281,47.66829
53.75,54.17903
69.0,65.16759
19.0,14.07637
30.0,23.433407
58.0,57.904655
35.0,51.437042
24.0,24.549463
23.0,19.927696
66.0,58.626236
28.0,19.85456
23.110198494182068,31.145573
39.0,37.689167
24.0,22.6067
40.21,30.516481
26.31,30.999859
19.0,20.508492
38.0,31.550156
43.0,44.524036
54.0,44.441345
72.0,70.09989
75.42,75.314575
29.0,25.940666
21.0,20.992188
29.0,19.593891
36.0,35.422165
13.0,18.963854
16.3,22.903122
57.0,42.040306
67.81930184804928,65.33118
48.0,38.86441
25.0,24.550777
46.44,57.80006
42.15195071868583,35.02481
21.27,16.851948
49.0,51.20434
90.0,80.7486
40.56,37.8291
34.0,28.538746
22.0,19.716522
36.42162902121834,36.23391
53.67008898015058,51.443542
40.55578370978782,43.015755
63.0,71.05527
36.25,29.441486
36.0,35.704304
61.0,60.725754
60.0,61.063988
80.0,81.85407
22.6,22.963413
21.0,25.670639
31.370294318959616,33.942696
27.58,23.137066
25.0,22.343927
46.84,46.087826
55.0,45.78122
22.0,19.083618
27.0,26.305054
53.0,43.913227
73.0,74.577385
38.0,44.63279
24.0,20.23489
32.85,27.838358
81.0,78.99926
31.51,37.126595
26.0,22.239273
26.0,28.28418
80.0,80.01917
65.0,61.707645
21.0,20.911602
60.0,57.799194
35.0,29.682098
33.0,27.822414
23.84,26.905882
51.0,54.47401
28.0,31.116365
17.0,14.103262
22.0,22.302914
65.66735112936345,71.73018
22.0,29.25595
58.0,51.515713
66.0,54.96861
21.0,24.061073
20.0,20.107182
16.31,18.492561
45.75222450376455,39.466576
25.0,28.201351
48.0,40.561676
37.73305954825462,29.751701
19.0,24.033878
83.0,83.41329
58.28062970568104,58.431484
74.0,72.97919
71.0,73.07948
51.0,54.953724
61.0,59.64559
37.21013004791239,46.10919
58.0,60.016148
24.0,22.050753
13.0,15.491095
39.0,44.792587
22.0,25.941662
31.87,32.59321
27.0,25.074495
22.0,32.0922
22.0,21.828266
23.0,23.45517
60.0,59.75948
23.0,23.40992
20.213552361396303,19.787846
46.0,57.334736
25.0,31.47433
69.0,66.54582
53.0,49.394302
41.0,34.385162
44.99,54.17132
45.0,46.366547
30.143737166324435,19.785435
24.0,25.214516
33.22,29.325134
24.0,20.584917
67.0,67.89859
32.91,23.7528
13.9,28.193026
28.0,24.782316
20.0,23.358627
69.27583846680356,66.89441
18.0,18.938381
78.0,75.93825
40.26,50.08515
21.0,19.88647
20.0,20.007912
25.0,17.863258
74.0,77.65048
78.5845311430527,76.49167
21.0,24.150137
86.0,78.090004
54.0,51.62185
48.0,48.836567
39.39767282683093,40.453064
14.0,19.075558
40.0,30.264393
22.0,13.307192
40.0,54.04796
20.0,21.889977
27.0,23.900856
53.0,61.58107
19.0,15.225914
27.0,28.76736
46.16837782340863,48.336002
74.96,76.721985
55.0,62.559196
21.0,16.63733
67.79466119096509,67.93821
79.0,81.674194
73.0,71.768875
56.43805612594114,52.643894
22.0,16.239967
22.0,27.003979
44.0,41.030357
79.0,73.92482
20.0,20.680166
71.0,74.18974
41.215605749486656,43.90631
37.0,32.83583
51.0,68.69576
20.0,20.047348
81.0,75.410675
27.0,23.369133
18.0,16.982307
42.220396988364136,46.449635
13.8,16.769663
61.0,53.22687
21.0,21.630413
55.0,58.851807
64.0,71.37372
25.0,22.502289
21.0,24.674479
22.0,24.753132
25.0,22.172318
24.0,18.63534
45.0,48.799004
59.75,47.987522
23.0,23.265457
50.0,54.724766
20.0,16.778847
25.0,18.238007
63.39219712525667,55.807915
21.0,22.11195
32.13,24.863247
30.0,28.016087
67.0,55.46702
67.0,62.753517
64.0,70.05229
22.5,18.60228
36.0,31.495941
34.0,44.030464
22.0,14.787711
68.0,72.05503
19.0,18.891068
51.0,37.260647
57.0,53.621773
75.0,72.17653
33.07871321013005,31.710955
23.96,25.923178
15.95,23.923624
18.7,17.023577
19.0,22.909962
40.0,42.29754
30.22,30.288326
21.1,22.084526
69.06776180698152,73.534195
20.0,18.504627
20.0,19.956783
46.0,37.521797
57.0,47.324024
21.0,22.725777
73.0,71.30235
21.0,23.435753
24.0,20.67108
69.0,58.545097
20.0,19.928106
20.0,26.548439
35.0,23.491287
30.688569472963724,33.10598
61.48665297741273,66.554184
20.0,18.552307
34.05612594113621,31.679604
70.0,69.50839
67.73990417522245,77.261696
54.0,51.40175
49.0,47.28314
24.0,19.037357
52.0,44.387535
60.0,51.045177
49.0,50.586025
71.0,74.764145
84.0,84.05769
61.0,64.94072
80.0,79.27497
71.0,62.910614
28.0,32.43255
13.25,12.9583
11.69,17.644592
34.0,36.94512
22.0,21.030483
23.0,18.787453
16.13,18.013142
30.0,29.035686
26.521560574948666,26.667795
63.47,67.714294
24.0,26.445126
66.0,66.17941
20.0,25.78269
26.0,24.778046
47.3,43.424946
22.0,19.112427
21.45,14.46158
29.07,22.267494
80.0,76.83766
43.0,46.173965
60.0,60.394577
14.65,13.644712
37.0,31.736946
25.0,25.103424
49.0,54.832684
36.0,35.554874
19.0,15.4339905
24.0,19.349247
60.0,67.78737
75.0,78.95198
66.0,59.12281
61.15263518138261,59.935555
19.0,29.581776
67.0,67.26695
63.31,54.817276
20.0,13.505199
62.0,56.804085
23.0,20.977627
33.13,22.602627
60.0,65.43678
76.0,65.931854
43.0,44.70893
32.0,24.987286
23.99,19.198849
74.0,56.75801
19.82,20.229515
10.0,12.44924
65.52,69.10336
80.8021902806297,79.87866
53.77,53.141186
62.06160164271047,54.738308
67.0,78.88064
47.0,39.804382
34.0,33.11667
74.0,79.734856
23.0,24.185251
55.0,43.71832
59.0,59.848015
25.0,22.854424
39.38398357289528,25.28965
17.1,25.7701
49.0,44.23677
28.0,24.481228
13.28,13.280648
66.63,65.592995
58.0,48.070827
62.0,63.82193
50.46,41.607178
26.0,22.822155
26.0,22.588348
20.0,17.770454
27.014373716632445,22.987164
10.46,18.608078
21.0,24.212885
61.0,66.3027
38.0,37.012566
94.0,82.53697
22.0,21.784702
53.74948665297741,53.67228
21.0,20.04644
56.11,58.34565
23.0,30.201664
19.0,19.76934
66.0,44.37474
62.68035592060232,63.482464
65.11430527036276,68.989
37.0,35.11006
59.0,44.42971
32.0,23.860966
20.0,14.805077
41.0,41.597572
15.0,20.15684
22.0,16.735622
74.0,71.32431
26.0,32.685696
58.28336755646817,57.23941
23.0,23.335152
24.0,26.571268
20.0,16.18143
19.0,21.884731
33.0,37.441284
60.0164271047228,54.89585
61.33607118412046,67.065125
49.51,52.319862
19.0,14.802219
39.0,43.06224
54.0,50.460663
63.87679671457906,56.86017
58.0,63.704407
24.0,25.729778
35.0,31.290583
57.0,58.434795
63.67,70.48728
19.0,18.452633
39.175906913073234,43.575317
30.00684462696783,28.883545
82.0,74.20256
34.0,26.287003
30.0,26.874138
25.0,17.96964
21.0,23.199692
22.0,27.428265
72.88432580424367,75.370384
63.0,74.28033
20.0,18.964024
70.0,79.1413
20.0,27.14588
72.0,80.41344
53.0,51.491467
44.0,52.331387
18.0,17.003716
64.46817248459959,64.24003
62.0,62.99965
51.64,56.884254
72.25,70.72119
22.0,19.19597
41.71937029431896,37.784897
49.0,43.62454
22.0,22.936716
72.0,70.954346
25.0,29.943863
15.0,20.459873
83.0,75.10739
73.0,74.04838
67.4551676933607,62.065132
51.657768651608485,55.269608
59.14852840520192,48.67798
23.0,26.330032
22.0,16.797827
41.0,59.406105
21.0,20.601318
85.99,82.11288
56.0,51.800083
27.03,25.710262
22.0,15.077803
29.0,25.02345
47.0,50.595413
32.0,27.166702
22.0,20.676445
38.0,49.037964
22.0,18.2895
29.0,33.39866
62.0,62.46212
53.0,51.689064
75.6331279945243,79.7545
69.0,65.07361
42.98973305954826,47.756737
60.539356605065024,59.74065
48.0,46.294685
30.0,31.388145
52.0,43.886284
73.0,73.061325
34.0,40.392097
45.0321697467488,34.28584
46.0,43.336327
62.0,66.321396
60.0,54.48532
22.647501711156742,27.752947
28.0,25.003735
21.3,20.769678
64.0,78.549286
58.56810403832991,60.694237
30.31,36.800026
21.0,19.070354
21.3,21.235949
62.0,71.18254
49.04312114989733,51.20926
31.80835044490076,39.3115
42.0,49.565323
27.0,23.424818
32.0,27.424404
18.9,20.992897
21.0,24.212875
25.0,21.859493
61.0,58.57215
74.98973305954826,71.215004
60.8952772073922,70.995316
78.87,81.1324
11.0,15.455989
22.0,24.75195
20.0,19.353409
20.0,25.446186
56.0,60.6191
22.0,21.731993
21.0,15.74366
51.0,50.2915
48.0,62.83673
28.996577686516083,35.448772
24.854209445585216,21.924046
53.0,50.931137
23.0,15.02509
37.0,37.776955
62.7378507871321,67.958984
30.7,26.182667
81.75,76.12184
26.0,26.968067
57.0,57.73109
30.17659137577002,33.28608
32.36139630390144,34.645462
27.72621492128679,33.381172
63.69,65.99742
67.84,71.501465
54.0,47.420254
22.32,24.032028
31.77,27.525814
73.0,75.03468
74.0,65.974365
21.0,23.196522
61.53,45.835365
21.0,23.368479
53.0,45.49655
24.37,32.815002
26.0,23.86563
67.0,63.015152
21.0,33.783745
46.42573579739904,53.23362
72.09034907597535,77.16668
37.0,33.77256
24.0,15.120698
47.0,59.652992
25.927446954141,33.036705
26.0,34.44629
26.92950034223135,29.543667
10.76,12.374311
79.0,75.48485
23.0,20.7192
51.0,50.935566
30.0,39.816338
22.0,23.091969
18.9,33.454956
41.20465434633813,30.771408
20.0,17.348389
79.0,65.66821
44.0,43.044933
75.0,80.28394
54.0,47.55298
38.0,37.377033
75.99,77.53894
24.0,21.853165
74.24,70.257675
22.76,28.166426
26.0,26.487953
49.0,47.1575
52.0,43.333652
44.0,40.060963
54.743326488706366,61.92356
63.0,54.047043
79.0,72.416664
38.56,40.567986
46.431211498973305,49.495003
23.81,23.50005
23.698836413415467,19.144474
28.0,34.426895
45.295003422313485,27.810356
28.0,35.163486
18.7,13.677372
63.81656399726215,62.053356
19.0,19.909912
21.0,28.008608
20.0,17.703098
32.0,32.05014
54.0,45.178116
23.0,18.037197
58.0,64.665955
86.45,80.0824
22.2,22.456526
38.77344284736482,40.562057
57.0,64.202675
25.0,26.91615
22.0,20.700665
30.0,39.135353
56.0,56.48764
62.73,44.226723
24.0,25.122894
32.0,27.74657
61.0,64.09638
88.36,73.25907
21.0,19.76759
45.85,48.602436
51.0,53.901955
19.0,14.195038
69.0,72.05284
22.0,22.334538
29.09240246406571,30.566206
34.0,34.29633
60.84052019164955,62.29621
29.95,22.116108
24.34223134839151,29.720928
21.0,15.206693
49.0,47.44918
33.0,28.584648
61.0,65.05316
58.0,56.71861
30.0,27.401958
40.0,33.437035
69.32,75.49327
40.0,37.379417
23.0,21.881296
24.83,26.504566
68.50924024640658,71.83533
22.0,16.197277
27.0,27.225445
21.0,20.315956
56.0,49.492653
40.63,36.414192
10.5,12.55954
57.70294318959617,57.158607
86.77,79.63905
20.0,21.792564
25.15,28.37302
80.0,80.83238
16.88,20.625961
39.0,37.028023
50.0,39.48891
24.0,28.29597
20.0,22.208612
28.0,21.574997
14.91,16.264038
13.0,17.110207
22.0,23.593735
23.0,26.353449
46.220396988364136,39.359924
19.0,19.494152
33.0,33.95996
62.0,67.20517
80.0,73.69922
20.0,24.19328
19.0,17.093819
67.0,62.05735
27.0,24.153988
32.57,41.23416
22.0,21.841278
19.0,20.632048
24.0,21.517946
35.43,34.247467
22.34,24.155647
21.0,20.281086
37.76591375770021,34.29677
38.78165639972622,37.836895
45.0,36.223053
65.0,69.83882
21.2,19.212463
22.0,15.989716
13.0,15.157799
23.0,16.03396
9.0,12.752157
23.0,18.27409
21.77,15.125034
79.0,74.2973
22.0,31.595953
29.0,30.416023
27.0,23.586086
21.8,19.041332
54.03,45.962395
86.0,75.52049
22.11,25.845629
13.0,15.932682
47.0,45.365685
76.0,73.12222
21.0,19.964632
39.0,34.501823
24.0,17.539669
63.0,51.107048
23.0,19.91538
20.0,17.618118
69.0,57.831917
28.2,29.79823
27.0,23.20806
42.0,40.532764
21.56605065023956,32.031906
72.0,69.57261
55.0,56.650497
21.0,21.694216
65.0,63.70526
72.0,62.491013
20.0,25.732946
83.0,81.607056
61.0,66.60927
30.0,29.490324
36.0,40.333443
22.0,21.147575
22.0,27.07156
19.0,22.327839
40.0,34.03681
50.5242984257358,41.47771
73.0,76.38708
61.0,61.130066
24.2,29.284992
29.0,31.822376
21.0,29.68475
37.81,29.487648
18.0,25.560253
20.0,19.74742
65.0,71.482254
60.0,51.070885
75.0,68.89859
64.79,62.83461
24.0,21.51451
55.16769336071184,61.888916
18.0,21.673576
27.0,27.804434
19.0,22.190329
54.19301848049281,36.469967
33.0,24.88995
20.0,18.385366
55.0,56.736885
47.0,40.4749
7.0,11.088378
39.0,31.931622
25.0,26.925068
50.0,35.819782
47.0,34.57438
88.0,76.65859
23.0,20.274048
57.75496235455168,53.232647
77.0,78.95143
84.0,79.456825
67.0,61.704666
41.0,41.98079
19.0,18.748482
26.0,24.510357
35.0,47.202477
65.0,61.806847
61.0,50.826138
47.069130732375086,38.691547
13.7,12.74769
28.0,29.107645
46.0,42.68066
27.1,29.68045
28.870636550308006,21.950207
28.0,27.72455
23.0,44.16884
53.0,51.16765
69.0,66.95085
81.12,78.03267
22.0,29.137518
79.0,82.109436
30.0,29.375584
80.0,78.25586
37.0,33.50094
21.0,21.64254
25.0,29.84865
29.0,35.822628
24.0,15.404842
75.37,72.51242
36.0,32.092113
28.0,30.566824
29.84,19.080425
64.0,60.318615
31.0,28.21244
80.0,82.04686
24.6,19.888853
16.4,19.108902
22.39,25.099829
39.0,32.77058
21.0,19.581688
79.0,74.10551
18.0,22.240295
60.5968514715948,58.41664
51.56,41.14599
27.0,22.376835
64.0,60.03473
50.0,48.510746
53.0,50.472527
11.0,13.338541
24.0,22.549133
24.0,23.232018
45.0,38.072063
21.0,19.62301
64.0,62.88896
22.0,19.980862
23.0,19.365192
43.07734428473648,38.701664
52.0,47.98571
57.0,59.32111
77.0,73.724625
29.0,27.417562
43.0,35.099327
36.18,39.47231
29.0,27.946754
26.0,29.195045
29.0,29.193298
53.0,46.735672
45.74,54.911247
63.41683778234086,65.012375
24.0,25.955774
52.0,50.0436
38.83915126625599,53.457237
22.0,27.870207
9.0,13.797186
33.91649555099247,34.219475
37.097878165639976,41.629272
48.0,56.3152
22.88,20.42125
21.1,23.87666
63.0,41.103134
23.0,19.000126
22.0,22.610786
46.0,44.19025
14.8,17.297155
47.0,36.515457
13.0,18.833769
18.95,31.84589
40.42,51.005264
40.91,52.115433
71.0,78.89949
71.29,79.63982
32.0,30.058077
61.0,57.25461
45.0,47.153515
23.5,19.690956
66.52703627652294,70.18219
29.0,26.79041
20.0,24.902115
20.0,13.296577
21.0,20.948936
21.0,20.852463
33.0,30.684864
34.99,33.691628
59.0,62.229607
64.0,53.21543
61.0,61.870537
39.0,40.15694
67.16221765913758,66.7773
30.0,31.678118
19.78,22.31479
32.0,29.023975
41.90280629705681,37.760994
15.4,18.9874
23.0,21.44167
37.0,32.533684
70.0,73.93474
24.0,23.763018
30.0,28.021324
76.45,70.12543
52.68993839835729,60.34546
49.0,42.971466
78.0,72.36381
20.0,21.648335
19.0,15.7084255
57.0,55.47857
14.48,14.6481285
74.8,70.35951
21.3,15.366134
78.35728952772074,71.147705
83.0,76.04094
63.0,70.45232
47.0,49.49594
68.0,73.85725
22.0,14.454203
27.0,24.020027
43.0,42.13547
23.0,28.459505
60.0,58.796196
75.0,76.13903
36.97,25.55679
51.0,55.146515
66.0,66.557106
80.5,79.77286
21.67,17.28273
51.0,46.885933
58.0,48.871456
69.0,67.55182
61.0,67.15823
34.0,31.328114
19.0,21.990824
62.0,63.2073
27.0,28.613808
72.00547570157427,72.69903
48.0,69.0574
18.15,21.68359
32.0,27.17505
20.0,18.337713
59.0,57.40088
56.0,46.86648
56.0,55.455383
27.03,27.169724
51.0,41.816856
72.8268309377139,66.40884
21.0,19.775883
27.0,33.119976
68.0,74.17161
21.0,18.690731
72.0,76.005295
35.44695414099932,30.261368
51.0,46.613167
32.0,27.534641
25.0,24.77406
66.0,60.87835
25.0,24.894108
25.0,29.307644
59.0,57.922203
42.0,46.462162
25.0,26.251102
25.01,22.35498
60.5968514715948,56.00422
20.7,21.234612
37.0,34.75879
19.0,22.788824
25.0,31.236649
45.0,46.25228
22.0,27.410923
35.0,32.43225
21.0,15.632448
25.13,20.435959
91.0,73.53258
29.0,27.938301
19.0,16.259312
60.0,67.530655
9.75,13.088952
27.0,23.26279
81.57,82.32147
33.516769336071185,32.91986
69.0,66.69646
20.0,20.486689
79.0,78.0916
73.0,77.07939
21.0,20.927914
55.0,54.191875
40.0,26.936045
59.38124572210815,55.283897
55.0,55.377464
48.0,46.1288
23.0,20.5982
23.0,25.31315
25.0,24.280807
86.19849418206708,79.25342
13.0,14.628889
22.0,25.326332
16.1,18.687876
54.60917180013689,60.19194
20.0,18.694483
23.0,23.439285
18.0,19.015678
21.0,20.925217
69.0,67.5789
21.7,18.141403
58.0,51.017036
26.0,23.551224
21.58,37.12052
21.0,14.23527
22.0,18.7323
22.0,20.467733
47.0,36.08406
21.6,21.514133
60.0,64.804306
75.0,53.273872
36.0,27.291067
55.0,53.25328
21.0,15.233984
20.0,20.558887
50.0,48.98427
21.0,24.391808
61.0,63.925438
29.0,30.735916
52.0,54.416
77.0,75.1257
25.0,21.565382
23.0,23.539587
20.4,27.841753
19.0,30.791382
18.0,18.576696
69.0,70.540634
24.0,27.124249
30.0,23.541279
23.0,18.503237
18.0,27.689451
37.0,32.197067
43.0,44.95305
35.0,37.63084
19.0,22.407854
72.0,74.673386
22.0,13.813696
21.0,24.890987
45.0,39.15242
20.0,24.26245
26.36,21.242142
20.0,19.975018
24.0,22.279621
64.0,63.037582
82.0,63.93812
67.0,56.598656
29.0,25.925488
55.0,44.688713
32.0,21.699812
78.0,75.8348
63.0,63.62449
72.30663928815879,82.0347
8.04,13.387112
27.0,31.995644
69.0,68.692444
46.0,39.789963
57.0,54.828693
41.0,31.76117
19.0,14.325184
10.52,16.01762
20.0,22.252407
49.0,49.174454
19.0,16.889458
22.0,32.868484
59.07,52.766525
21.5,21.225079
68.0,64.213104
24.0,27.92883
73.56331279945243,71.79894
56.0,54.707664
66.74,73.42885
19.0,17.056263
46.0,41.877586
43.0,42.114353
52.0,42.62347
15.0,16.222763
32.0,26.38894
59.83572895277207,62.422813
79.85,75.02371
57.0,54.135082
23.0,20.482439
59.0,49.233414
32.0,24.405748
30.78,31.408241
21.0,14.174385
21.0,21.191624
22.0,21.036339
66.90759753593429,66.767624
23.0,21.458519
73.0,74.63234
40.0,37.10608
20.0,20.68709
22.0,21.67196
37.14442162902122,36.23103
21.38261464750171,21.940998
37.0,43.82943
22.0,18.593353
33.0,35.894463
80.0,68.49053
22.0,14.211426
66.0,65.12048
83.87,83.08635
27.27,31.081345
45.0,44.078987
30.119096509240247,27.455465
46.79,44.461178
21.0,19.23441
41.889117043121146,56.87414
75.0,70.602295
55.0,53.90699
52.6652977412731,47.51201
57.0,72.088425
43.0,47.25563
21.0,19.667606
11.24,15.791967
22.0,24.086075
48.0,39.188747
53.0,47.443153
48.0,47.25887
26.0,27.801945
25.0,19.356071
11.0,13.192278
67.05,59.09324
25.7,27.38277
36.0,31.331524
32.31,34.043884
78.0,77.62421
23.22,33.415817
53.95,61.128906
59.0,50.748474
23.0,32.39054
22.0,25.590801
21.0,28.478045
69.59,73.34675
81.0,77.43278
36.0,32.046074
23.0,27.29062
33.82,32.88752
20.02,17.65811
34.75,31.249916
26.0,21.520351
47.0,53.50005
49.0,49.31752
73.0,62.611435
15.28,15.678946
26.57905544147844,25.402496
87.0,80.452866
11.03,10.337728
24.0,25.170507
71.0,70.45219
84.06,78.19403
64.86,56.824707
16.0,22.835003
83.09,79.41329
14.0,15.500578
41.0,25.090973
21.0,15.104315
65.0,66.08931
45.0,46.246666
43.0,30.57876
65.0,57.16574
27.0,30.764164
62.50513347022587,57.086426
44.0,37.13949
48.101300479123886,40.908363
39.0,42.741623
31.01,27.149723
21.5,21.539026
26.62,25.958797
22.0,20.34653
58.0,50.519295
13.0,21.14787
13.0,21.967037
8.49,11.536747
65.0,77.937454
60.02737850787132,56.080627
26.0,26.364305
70.0,67.21525
73.0,69.81749
24.0,24.074413
56.0,43.82785
23.08,31.065887
17.6,19.5216
18.0,19.617939
32.0,25.349266
32.0,37.576847
24.0,26.914227
42.63,37.174404
10.73,14.747969
22.0,21.00092
27.0,20.292736
20.0,20.882122
38.95961670088981,33.772846
78.0,77.19297
34.25,37.112434
72.0,68.21739
81.91,75.40896
63.0,55.041786
58.992470910335385,54.63263
69.0,66.83194
25.0,21.839287
31.0,33.023865
41.87,29.52289
85.66,73.14191
16.28,16.916233
60.0,52.91738
41.33,33.734985
41.0,40.529556
27.0,18.553467
19.0,20.948252
25.0,26.40524
38.0,27.643764
69.0,76.88299
37.0,43.42598
53.36,52.821983
46.0,49.662514
18.0,21.561535
45.6974674880219,44.81978
18.0,14.208601
47.0,45.180733
64.0,67.8933
18.0,23.266472
42.0,28.170256
28.0,27.228725
67.77275838466804,51.313587
25.0,29.51527
52.53388090349076,33.253433
57.0,56.70758
24.0,15.142067
32.0,35.582787
71.0,73.47574
67.0,62.526237
52.53114305270363,48.149063
20.0,21.475018
36.0,40.35292
23.0,29.898594
29.0,26.865778
23.0,19.762604
45.0,31.283928
27.54,42.71624
24.0,21.591124
51.0,41.43866
40.03559206023272,31.425045
71.0,65.86165
20.7,18.66835
32.63,38.441208
58.79260780287474,58.741108
20.0,16.077795
25.464750171115675,31.024628
12.7,22.575794
19.0,17.504753
7.91,13.147577
21.0,20.580753
24.0,23.08614
16.08,22.742702
67.83,66.37932
28.74,23.599262
63.0,71.802155
60.0,54.620094
72.145106091718,71.86282
35.02258726899384,26.763523
54.0,55.177094
28.933607118412045,27.754654
18.3,35.638084
41.51950718685831,44.04583
19.15,25.00487
61.0,61.71821
44.09308692676249,45.89852
26.0,25.825556
24.0,21.631
45.0,69.73064
22.0,23.845955
18.0,21.265247
57.0,53.966305
61.36618754277892,54.35643
28.0,34.03414
25.0,18.960358
70.1409993155373,64.518974
25.0,27.11076
74.0,71.39937
69.6892539356605,60.691444
54.0,45.85315
31.25,37.319805
26.66,30.58971
22.17,29.459946
18.0,17.55217
28.0,19.534962
21.0,25.203209
20.62,17.891026
24.00273785078713,23.004414
60.0,55.465057
21.0,18.059998
40.0,37.24495
19.0,20.029379
24.0,17.885931
25.0,24.008415
14.18,14.80401
12.24,12.706424
43.0,29.404844
76.0,76.81151
44.99110198494182,45.822746
61.0,58.40322
75.0,75.31319
60.0,61.0917
23.0,26.026676
73.0,73.128914
21.0,16.754314
79.0,76.39286
80.0,81.63901
14.2,18.061172
59.0,62.833076
9.35,13.569723
28.61327857631759,36.047207
71.0,71.743675
28.15879534565366,32.342873
69.0,69.33533
56.93908281998631,50.88275
59.0,64.00011
42.0,39.25667
56.0,53.035477
61.0,55.488327
60.0,63.60926
60.0,60.685055
34.0,42.50215
70.35,78.30622
27.0,26.124071
72.0,65.91014
15.28,18.870392
48.0,47.379784
25.0,26.112324
61.0,63.96543
35.0,28.309683
58.0,45.49853
28.0,25.103386
54.0,65.634995
12.0,17.37036
42.63,50.18488
31.0,34.325615
63.4031485284052,77.99337
34.0,34.761
52.0,67.23204
20.0,20.005795
61.0,47.237587
13.22,13.6985
70.0,70.51275
40.36139630390144,51.090157
74.0,70.42697
37.0,31.831093
21.0,18.649612
54.0,55.323547
21.0,23.46336
69.0,72.95955
40.0,42.897438
70.0,77.620804
23.0,23.335297
23.0,21.920433
50.0,44.788002
